{
  "placeholderImages": [
    {
      "id": "dashboard-total-stock",
      "description": "Dashboard main stat card for total stock.",
      "imageUrl": "https://images.unsplash.com/photo-1748609160056-7b95f30041f0?crop=entropy&cs=tinysrgb&fit=max&fm=jpg&ixid=M3w3NDE5ODJ8MHwxfHNlYXJjaHwzfHxkYXNoYm9hcmQlMjBzdGF0c3xlbnwwfHx8fDE3NTk1Nzc4MjR8MA&ixlib=rb-4.1.0&q=80&w=1080",
      "imageHint": "dashboard stats"
    },
    {
      "id": "dashboard-main-stats",
      "description": "Dashboard main stat cards for total stock and today's sales.",
      "imageUrl": "https://images.unsplash.com/photo-1748439281934-2803c6a3ee36?crop=entropy&cs=tinysrgb&fit=max&fm=jpg&ixid=M3w3NDE5ODJ8MHwxfHNlYXJjaHw1fHxkYXNoYm9hcmQlMjBzdGF0c3xlbnwwfHx8fDE3NTk1Nzc4MjR8MA&ixlib=rb-4.1.0&q=80&w=1080",
      "imageHint": "dashboard stats"
    },
    {
      "id": "dashboard-search",
      "description": "Dashboard product search bar.",
      "imageUrl": "https://images.unsplash.com/photo-1631114611403-d986a927718d?crop=entropy&cs=tinysrgb&fit=max&fm=jpg&ixid=M3w3NDE5ODJ8MHwxfHNlYXJjaHw4fHxzZWFyY2glMjBiYXJ8ZW58MHx8fHwxNzU5NTA3MzQ0fDA&ixlib=rb-4.1.0&q=80&w=1080",
      "imageHint": "search bar"
    },
    {
      "id": "dashboard-secondary-stats",
      "description": "Dashboard secondary stat cards for purchases, sold out, and transfers.",
      "imageUrl": "https://images.unsplash.com/photo-1748439281934-2803c6a3ee36?crop=entropy&cs=tinysrgb&fit=max&fm=jpg&ixid=M3w3NDE5ODJ8MHwxfHNlYXJjaHw1fHxkYXNoYm9hcmQlMjBzdGF0c3xlbnwwfHx8fDE3NTk1Nzc4MjR8MA&ixlib=rb-4.1.0&q=80&w=1080",
      "imageHint": "dashboard stats"
    },
    {
      "id": "dashboard-tertiary-stats",
      "description": "Dashboard tertiary stat cards for sales in rupees and profit.",
      "imageUrl": "https://images.unsplash.com/photo-1745270917449-c2e2c5806586?crop=entropy&cs=tinysrgb&fit=max&fm=jpg&ixid=M3w3NDE5ODJ8MHwxfHNlYXJjaHw4fHxkYXNoYm9hcmQlMjBwcm9maXR8ZW58MHx8fHwxNzU5NTc3ODIzfDA&ixlib=rb-4.1.0&q=80&w=1080",
      "imageHint": "dashboard profit"
    },
    {
      "id": "dashboard-activity",
      "description": "Dashboard recent activity feed.",
      "imageUrl": "https://images.unsplash.com/photo-1758522484059-eb221a79af3a?crop=entropy&cs=tinysrgb&fit=max&fm=jpg&ixid=M3w3NDE5ODJ8MHwxfHNlYXJjaHw1fHxhY3Rpdml0eSUyMGZlZWR8ZW58MHx8fHwxNzU5NTc3ODI0fDA&ixlib=rb-4.1.0&q=80&w=1080",
      "imageHint": "activity feed"
    },
    {
      "id": "features-page",
      "description": "The main features page with a list of buttons.",
      "imageUrl": "https://images.unsplash.com/photo-1624188505757-7470284d8c08?crop=entropy&cs=tinysrgb&fit=max&fm=jpg&ixid=M3w3NDE5ODJ8MHwxfHNlYXJjaHwzfHxtb2JpbGUlMjBmZWF0dXJlc3xlbnwwfHx8fDE3NTk1Nzc4MjR8MA&ixlib=rb-4.1.0&q=80&w=1080",
      "imageHint": "mobile features"
    },
    {
      "id": "purchase-model",
      "description": "Input field for Model Number on the Purchase page.",
      "imageUrl": "https://images.unsplash.com/photo-1593840108036-3b396aa4b086?crop=entropy&cs=tinysrgb&fit=max&fm=jpg&ixid=M3w3NDE5ODJ8MHwxfHNlYXJjaHw0fHxpbnB1dCUyMGZpZWxkfGVufDB8fHx8MTc1OTU3NzgyM3ww&ixlib=rb-4.1.0&q=80&w=1080",
      "imageHint": "input field"
    },
    {
      "id": "purchase-id",
      "description": "Input field for Product ID (IMEI) on the Purchase page.",
      "imageUrl": "https://images.unsplash.com/photo-1711530388583-04a3a17be96f?crop=entropy&cs=tinysrgb&fit=max&fm=jpg&ixid=M3w3NDE5ODJ8MHwxfHNlYXJjaHw5fHxpbnB1dCUyMGZpZWxkfGVufDB8fHx8MTc1OTU3NzgyM3ww&ixlib=rb-4.1.0&q=80&w=1080",
      "imageHint": "input field"
    },
    {
      "id": "purchase-config",
      "description": "RAM and Storage selection on the Purchase page.",
      "imageUrl": "https://images.unsplash.com/photo-1574519618668-c34001efde43?crop=entropy&cs=tinysrgb&fit=max&fm=jpg&ixid=M3w3NDE5ODJ8MHwxfHNlYXJjaHw5fHxkcm9wZG93biUyMG1lbnV8ZW58MHx8fHwxNzU5NTc3ODI0fDA&ixlib=rb-4.1.0&q=80&w=1080",
      "imageHint": "dropdown menu"
    },
    {
      "id": "purchase-color",
      "description": "Input field for Color on the Purchase page.",
      "imageUrl": "https://images.unsplash.com/photo-1572485262464-be972db5acc8?crop=entropy&cs=tinysrgb&fit=max&fm=jpg&ixid=M3w3NDE5ODJ8MHwxfHNlYXJjaHw3fHxpbnB1dCUyMGZpZWxkfGVufDB8fHx8MTc1OTU3NzgyM3ww&ixlib=rb-4.1.0&q=80&w=1080",
      "imageHint": "input field"
    },
    {
      "id": "purchase-price",
      "description": "Input field for Purchase Price on the Purchase page.",
      "imageUrl": "https://images.unsplash.com/photo-1652214239356-272cc5415774?crop=entropy&cs=tinysrgb&fit=max&fm=jpg&ixid=M3w3NDE5ODJ8MHwxfHNlYXJjaHwyfHxwcmljZSUyMGlucHV0fGVufDB8fHx8MTc1OTU3NzgyNHww&ixlib=rb-4.1.0&q=80&w=1080",
      "imageHint": "price input"
    },
    {
      "id": "purchase-button",
      "description": "The final 'Purchase Stock' button.",
      "imageUrl": "https://images.unsplash.com/photo-1745242669399-e6611f0de757?crop=entropy&cs=tinysrgb&fit=max&fm=jpg&ixid=M3w3NDE5ODJ8MHwxfHNlYXJjaHw5fHxwdXJjaGFzZSUyMGJ1dHRvbnxlbnwwfHx8fDE3NTk1Nzc4MjR8MA&ixlib=rb-4.1.0&q=80&w=1080",
      "imageHint": "purchase button"
    },
    {
      "id": "sell-id",
      "description": "Product ID input field on the Sell Stock page, used for auto-filling.",
      "imageUrl": "https://images.unsplash.com/photo-1656099707461-d9a6d60a6783?crop=entropy&cs=tinysrgb&fit=max&fm=jpg&ixid=M3w3NDE5ODJ8MHwxfHNlYXJjaHw5fHxzZWFyY2glMjBpbnB1dHxlbnwwfHx8fDE3NTk1Nzc4MjR8MA&ixlib=rb-4.1.0&q=80&w=1080",
      "imageHint": "search input"
    },
    {
      "id": "sell-price",
      "description": "Selling price input on the Sell Stock page.",
      "imageUrl": "https://images.unsplash.com/photo-1738574654892-b9d97e6eb3a4?crop=entropy&cs=tinysrgb&fit=max&fm=jpg&ixid=M3w3NDE5ODJ8MHwxfHNlYXJjaHw5fHxwcmljZSUyMGlucHV0fGVufDB8fHx8MTc1OTU3NzgyNHww&ixlib=rb-4.1.0&q=80&w=1080",
      "imageHint": "price input"
    },
    {
      "id": "sell-payment",
      "description": "Payment method selection on the Sell Stock page.",
      "imageUrl": "https://images.unsplash.com/photo-1582557678431-d3b30ea0be05?crop=entropy&cs=tinysrgb&fit=max&fm=jpg&ixid=M3w3NDE5ODJ8MHwxfHNlYXJjaHw0fHxkcm9wZG93biUyMG1lbnV8ZW58MHx8fHwxNzU5NTc3ODI0fDA&ixlib=rb-4.1.0&q=80&w=1080",
      "imageHint": "dropdown menu"
    },
    {
      "id": "sell-button",
      "description": "The final 'Sold Stock' button.",
      "imageUrl": "https://images.unsplash.com/photo-1572546590745-87c30605415e?crop=entropy&cs=tinysrgb&fit=max&fm=jpg&ixid=M3w3NDE5ODJ8MHwxfHNlYXJjaHwyfHxzZWxsJTIwYnV0dG9ufGVufDB8fHx8MTc1OTU3NzgyNHww&ixlib=rb-4.1.0&q=80&w=1080",
      "imageHint": "sell button"
    },
    {
      "id": "transfer-search",
      "description": "Search bar on the Transfer page to find existing products.",
      "imageUrl": "https://images.unsplash.com/photo-1688126507367-b7cb61e19f30?crop=entropy&cs=tinysrgb&fit=max&fm=jpg&ixid=M3w3NDE5ODJ8MHwxfHNlYXJjaHw0fHxzZWFyY2glMjBpbnB1dHxlbnwwfHx8fDE3NTk1Nzc4MjR8MA&ixlib=rb-4.1.0&q=80&w=1080",
      "imageHint": "search input"
    },
    {
      "id": "transfer-type",
      "description": "Transfer Type selection (In or Out).",
      "imageUrl": "https://images.unsplash.com/photo-1703087425189-2bfe0679d175?crop=entropy&cs=tinysrgb&fit=max&fm=jpg&ixid=M3w3NDE5ODJ8MHwxfHNlYXJjaHw3fHxkcm9wZG93biUyMG1lbnV8ZW58MHx8fHwxNzU5NTc3ODI0fDA&ixlib=rb-4.1.0&q=80&w=1080",
      "imageHint": "dropdown menu"
    },
    {
      "id": "transfer-from-to",
      "description": "From and To shop name input fields on the Transfer page.",
      "imageUrl": "https://images.unsplash.com/photo-1678962855748-d012ea7a2f10?crop=entropy&cs=tinysrgb&fit=max&fm=jpg&ixid=M3w3NDE5ODJ8MHwxfHNlYXJjaHwyfHxpbnB1dCUyMGZvcm18ZW58MHx8fHwxNzU5NTM0ODA1fDA&ixlib=rb-4.1.0&q=80&w=1080",
      "imageHint": "input form"
    },
    {
      "id": "transfer-status",
      "description": "Payment Status selection (Paid or Unpaid) on the Transfer page.",
      "imageUrl": "https://images.unsplash.com/photo-1703087425189-2bfe0679d175?crop=entropy&cs=tinysrgb&fit=max&fm=jpg&ixid=M3w3NDE5ODJ8MHwxfHNlYXJjaHw3fHxkcm9wZG93biUyMG1lbnV8ZW58MHx8fHwxNzU5NTc3ODI0fDA&ixlib=rb-4.1.0&q=80&w=1080",
      "imageHint": "dropdown menu"
    }
  ]
}